<?xml version="1.0" encoding="UTF-8" standalone="no"?>
<manifest xmlns="http://tizen.org/ns/packages" api-version="2.3.1" package="org.example.gears2robotcontrol" version="1.0.0">
    <author email="senaa@tcd.ie" href="http://www.aransena.com">Aran Sena</author>
    <profile name="wearable"/>
    <ui-application appid="org.example.gears2robotcontrol" exec="gears2robotcontrol_v1" multiple="false" nodisplay="false" taskmanage="true" type="capp">
        <label>Robot Control ver1</label>
        <icon>rotaryinputexample.png</icon>
    </ui-application>
    <privileges>
        <privilege>http://tizen.org/privilege/internet</privilege>
    </privileges>
</manifest>
